"Terminal columns", "Squares per row", "Squares per col", "Ops"
0, 0, 0, "55248.62"
10, 0, 0, "58139.53"
20, 0, 0, "39370.08"
30, 0, 0, "29154.52"
40, 0, 0, "23474.18"
50, 0, 0, "18832.39"
60, 0, 0, "15432.10"
70, 0, 0, "12531.33"
80, 0, 0, "10482.18"
90, 0, 0, "8703.22"
100, 0, 0, "7220.22"
0, 10, 0, "59523.81"
10, 10, 0, "50505.05"
20, 10, 0, "47393.37"
30, 10, 0, "40485.83"
40, 10, 0, "36363.64"
50, 10, 0, "32258.06"
60, 10, 0, "30769.23"
70, 10, 0, "28571.43"
80, 10, 0, "26954.18"
90, 10, 0, "24875.62"
100, 10, 0, "23809.53"
0, 20, 0, "45454.55"
10, 20, 0, "39682.54"
20, 20, 0, "37174.72"
30, 20, 0, "35087.72"
40, 20, 0, "33003.30"
50, 20, 0, "32573.29"
60, 20, 0, "30303.03"
70, 20, 0, "29673.59"
80, 20, 0, "28818.44"
90, 20, 0, "28248.59"
100, 20, 0, "25773.20"
0, 30, 0, "37037.04"
10, 30, 0, "34482.76"
20, 30, 0, "31948.88"
30, 30, 0, "31347.96"
40, 30, 0, "30487.80"
50, 30, 0, "30395.14"
60, 30, 0, "29673.59"
70, 30, 0, "28901.73"
80, 30, 0, "27027.03"
90, 30, 0, "26525.20"
100, 30, 0, "25575.45"
0, 40, 0, "32786.88"
10, 40, 0, "32258.06"
20, 40, 0, "30211.48"
30, 40, 0, "29239.77"
40, 40, 0, "28901.73"
50, 40, 0, "28409.09"
60, 40, 0, "28089.89"
70, 40, 0, "27548.21"
80, 40, 0, "26954.18"
90, 40, 0, "26109.66"
100, 40, 0, "26246.72"
0, 50, 0, "30769.23"
10, 50, 0, "30303.03"
20, 50, 0, "28248.59"
30, 50, 0, "26881.72"
40, 50, 0, "26737.97"
50, 50, 0, "26455.03"
60, 50, 0, "26246.72"
70, 50, 0, "25706.94"
80, 50, 0, "25510.21"
90, 50, 0, "25252.53"
100, 50, 0, "24271.84"
0, 60, 0, "28735.63"
10, 60, 0, "28328.61"
20, 60, 0, "28011.21"
30, 60, 0, "25773.20"
40, 60, 0, "25188.92"
50, 60, 0, "24937.66"
60, 60, 0, "24630.54"
70, 60, 0, "24271.84"
80, 60, 0, "24038.46"
90, 60, 0, "23809.53"
100, 60, 0, "23696.68"
0, 70, 0, "27027.03"
10, 70, 0, "26595.75"
20, 70, 0, "26455.03"
30, 70, 0, "24330.90"
40, 70, 0, "23041.47"
50, 70, 0, "23364.49"
60, 70, 0, "23041.47"
70, 70, 0, "22883.29"
80, 70, 0, "22779.04"
90, 70, 0, "22471.91"
100, 70, 0, "22222.22"
0, 80, 0, "25706.94"
10, 80, 0, "25188.92"
20, 80, 0, "25000.00"
30, 80, 0, "24752.47"
40, 80, 0, "22779.04"
50, 80, 0, "22222.22"
60, 80, 0, "22123.89"
70, 80, 0, "21739.13"
80, 80, 0, "21739.13"
90, 80, 0, "21367.52"
100, 80, 0, "21141.65"
0, 90, 0, "24449.88"
10, 90, 0, "24038.46"
20, 90, 0, "24038.46"
30, 90, 0, "23752.97"
40, 90, 0, "21786.49"
50, 90, 0, "21097.05"
60, 90, 0, "20703.93"
70, 90, 0, "20661.16"
80, 90, 0, "19801.98"
90, 90, 0, "19305.02"
100, 90, 0, "19230.77"
0, 100, 0, "23310.02"
10, 100, 0, "23041.47"
20, 100, 0, "22831.05"
30, 100, 0, "22624.43"
40, 100, 0, "20576.13"
50, 100, 0, "20491.80"
60, 100, 0, "19762.85"
70, 100, 0, "19607.84"
80, 100, 0, "19267.82"
90, 100, 0, "19267.82"
100, 100, 0, "19083.97"
0, 0, 10, "42194.09"
10, 0, 10, "23419.21"
20, 0, 10, "12500.00"
30, 0, 10, "7062.15"
40, 0, 10, "4226.54"
50, 0, 10, "2876.87"
60, 0, 10, "2079.87"
70, 0, 10, "1570.35"
80, 0, 10, "1236.71"
90, 0, 10, "999.60"
100, 0, 10, "815.93"
0, 10, 10, "16366.61"
10, 10, 10, "15220.70"
20, 10, 10, "13089.00"
30, 10, 10, "11185.68"
40, 10, 10, "9285.05"
50, 10, 10, "8190.01"
60, 10, 10, "7137.76"
70, 10, 10, "6142.51"
80, 10, 10, "5440.70"
90, 10, 10, "4746.08"
100, 10, 10, "4147.66"
0, 20, 10, "10235.42"
10, 20, 10, "9560.23"
20, 20, 10, "9233.61"
30, 20, 10, "8695.65"
40, 20, 10, "7788.16"
50, 20, 10, "7230.66"
60, 20, 10, "6402.05"
70, 20, 10, "5783.69"
80, 20, 10, "5271.48"
90, 20, 10, "5002.50"
100, 20, 10, "4539.26"
0, 30, 10, "7434.94"
10, 30, 10, "7358.35"
20, 30, 10, "6798.10"
30, 30, 10, "6605.02"
40, 30, 10, "6289.31"
50, 30, 10, "5973.72"
60, 30, 10, "5512.68"
70, 30, 10, "5205.62"
80, 30, 10, "4743.83"
90, 30, 10, "4516.71"
100, 30, 10, "4106.78"
0, 40, 10, "5807.20"
10, 40, 10, "5837.71"
20, 40, 10, "5373.46"
30, 40, 10, "5291.01"
40, 40, 10, "5186.72"
50, 40, 10, "5012.53"
60, 40, 10, "4784.69"
70, 40, 10, "4559.96"
80, 40, 10, "4308.49"
90, 40, 10, "4122.01"
100, 40, 10, "3930.82"
0, 50, 10, "4798.46"
10, 50, 10, "4823.93"
20, 50, 10, "4440.50"
30, 50, 10, "4416.96"
40, 50, 10, "4353.50"
50, 50, 10, "4262.57"
60, 50, 10, "4145.94"
70, 50, 10, "4029.01"
80, 50, 10, "3868.47"
90, 50, 10, "3709.20"
100, 50, 10, "3531.07"
0, 60, 10, "4084.97"
10, 60, 10, "4110.15"
20, 60, 10, "4073.32"
30, 60, 10, "3748.13"
40, 60, 10, "3741.11"
50, 60, 10, "3688.68"
60, 60, 10, "3629.76"
70, 60, 10, "3524.85"
80, 60, 10, "3432.89"
90, 60, 10, "3352.33"
100, 60, 10, "3238.34"
0, 70, 10, "3552.40"
10, 70, 10, "3579.10"
20, 70, 10, "3556.19"
30, 70, 10, "3276.54"
40, 70, 10, "3261.58"
50, 70, 10, "3236.25"
60, 70, 10, "3198.98"
70, 70, 10, "3145.64"
80, 70, 10, "3064.66"
90, 70, 10, "3013.86"
100, 70, 10, "2957.70"
0, 80, 10, "3141.69"
10, 80, 10, "3165.56"
20, 80, 10, "3137.75"
30, 80, 10, "3144.65"
40, 80, 10, "2889.34"
50, 80, 10, "2875.22"
60, 80, 10, "2852.25"
70, 80, 10, "2807.41"
80, 80, 10, "2775.46"
90, 80, 10, "2721.83"
100, 80, 10, "2678.81"
0, 90, 10, "2819.28"
10, 90, 10, "2840.10"
20, 90, 10, "2832.06"
30, 90, 10, "2816.90"
40, 90, 10, "2595.38"
50, 90, 10, "2565.42"
60, 90, 10, "2574.00"
70, 90, 10, "2556.24"
80, 90, 10, "2515.09"
90, 90, 10, "2496.26"
100, 90, 10, "2409.64"
0, 100, 10, "2328.83"
10, 100, 10, "2562.79"
20, 100, 10, "2564.10"
30, 100, 10, "2556.89"
40, 100, 10, "2357.93"
50, 100, 10, "2346.32"
60, 100, 10, "2336.99"
70, 100, 10, "2322.34"
80, 100, 10, "2310.00"
90, 100, 10, "2281.54"
100, 100, 10, "2266.55"
0, 0, 20, "31055.90"
10, 0, 20, "16000.00"
20, 0, 20, "7272.73"
30, 0, 20, "3625.82"
40, 0, 20, "2259.89"
50, 0, 20, "1507.39"
60, 0, 20, "1089.09"
70, 0, 20, "822.10"
80, 0, 20, "642.10"
90, 0, 20, "514.19"
100, 0, 20, "419.89"
0, 10, 20, "9680.54"
10, 10, 20, "8936.55"
20, 10, 20, "7570.02"
30, 10, 20, "6222.78"
40, 10, 20, "5224.66"
50, 10, 20, "4444.44"
60, 10, 20, "3834.36"
70, 10, 20, "3239.39"
80, 10, 20, "2715.92"
90, 10, 20, "2395.78"
100, 10, 20, "2079.87"
0, 20, 20, "5422.99"
10, 20, 20, "5189.41"
20, 20, 20, "5007.51"
30, 20, 20, "4670.71"
40, 20, 20, "4154.55"
50, 20, 20, "3824.09"
60, 20, 20, "3388.68"
70, 20, 20, "3020.24"
80, 20, 20, "2773.93"
90, 20, 20, "2596.05"
100, 20, 20, "2364.63"
0, 30, 20, "3813.88"
10, 30, 20, "3894.08"
20, 30, 20, "3577.82"
30, 30, 20, "3484.32"
40, 30, 20, "3321.16"
50, 30, 20, "3117.21"
60, 30, 20, "2888.50"
70, 30, 20, "2720.35"
80, 30, 20, "2464.27"
90, 30, 20, "2331.00"
100, 30, 20, "2127.21"
0, 40, 20, "2976.19"
10, 40, 20, "3023.89"
20, 40, 20, "2777.01"
30, 40, 20, "2748.01"
40, 40, 20, "2685.28"
50, 40, 20, "2597.40"
60, 40, 20, "2480.16"
70, 40, 20, "2349.07"
80, 40, 20, "2230.65"
90, 40, 20, "2122.24"
100, 40, 20, "2017.76"
0, 50, 20, "2434.27"
10, 50, 20, "2449.78"
20, 50, 20, "2261.42"
30, 50, 20, "2250.23"
40, 50, 20, "2201.19"
50, 50, 20, "2179.60"
60, 50, 20, "2116.85"
70, 50, 20, "2044.57"
80, 50, 20, "1971.61"
90, 50, 20, "1885.37"
100, 50, 20, "1805.38"
0, 60, 20, "2056.34"
10, 60, 20, "2065.69"
20, 60, 20, "2055.50"
30, 60, 20, "1904.04"
40, 60, 20, "1890.36"
50, 60, 20, "1864.28"
60, 60, 20, "1847.06"
70, 60, 20, "1789.87"
80, 60, 20, "1750.70"
90, 60, 20, "1696.07"
100, 60, 20, "1631.85"
0, 70, 20, "1769.29"
10, 70, 20, "1786.99"
20, 70, 20, "1779.36"
30, 70, 20, "1650.44"
40, 70, 20, "1639.08"
50, 70, 20, "1624.43"
60, 70, 20, "1604.11"
70, 70, 20, "1586.80"
80, 70, 20, "1538.46"
90, 70, 20, "1510.57"
100, 70, 20, "1477.54"
0, 80, 20, "1557.39"
10, 80, 20, "1567.64"
20, 80, 20, "1567.64"
30, 80, 20, "1560.06"
40, 80, 20, "1445.50"
50, 80, 20, "1432.25"
60, 80, 20, "1415.83"
70, 80, 20, "1411.63"
80, 80, 20, "1395.67"
90, 80, 20, "1358.33"
100, 80, 20, "1334.22"
0, 90, 20, "1392.18"
10, 90, 20, "1399.58"
20, 90, 20, "1399.58"
30, 90, 20, "1395.28"
40, 90, 20, "1286.01"
50, 90, 20, "1276.49"
60, 90, 20, "1273.24"
70, 90, 20, "1266.62"
80, 90, 20, "1251.72"
90, 90, 20, "1241.00"
100, 90, 20, "1209.63"
0, 100, 20, "1254.39"
10, 100, 20, "1268.07"
20, 100, 20, "1261.67"
30, 100, 20, "1260.08"
40, 100, 20, "1165.23"
50, 100, 20, "1162.66"
60, 100, 20, "1155.13"
70, 100, 20, "1150.22"
80, 100, 20, "1139.86"
90, 100, 20, "1132.12"
100, 100, 20, "1117.82"
0, 0, 30, "26809.65"
10, 0, 30, "12019.23"
20, 0, 30, "4768.72"
30, 0, 30, "2546.47"
40, 0, 30, "1532.80"
50, 0, 30, "1034.98"
60, 0, 30, "740.36"
70, 0, 30, "555.00"
80, 0, 30, "431.39"
90, 0, 30, "346.04"
100, 0, 30, "282.89"
0, 10, 30, "6915.63"
10, 10, 30, "6414.37"
20, 10, 30, "5339.03"
30, 10, 30, "4366.81"
40, 10, 30, "3637.69"
50, 10, 30, "3085.47"
60, 10, 30, "2621.23"
70, 10, 30, "2138.12"
80, 10, 30, "1877.93"
90, 10, 30, "1636.39"
100, 10, 30, "1430.82"
0, 20, 30, "3766.48"
10, 20, 30, "3547.36"
20, 20, 30, "3447.09"
30, 20, 30, "3209.24"
40, 20, 30, "2865.33"
50, 20, 30, "2626.05"
60, 20, 30, "2324.50"
70, 20, 30, "2068.25"
80, 20, 30, "1887.50"
90, 20, 30, "1726.52"
100, 20, 30, "1565.68"
0, 30, 30, "2593.36"
10, 30, 30, "2663.12"
20, 30, 30, "2453.99"
30, 30, 30, "2379.82"
40, 30, 30, "2268.09"
50, 30, 30, "2115.06"
60, 30, 30, "1970.44"
70, 30, 30, "1844.34"
80, 30, 30, "1673.64"
90, 30, 30, "1579.78"
100, 30, 30, "1428.78"
0, 40, 30, "1979.02"
10, 40, 30, "2026.34"
20, 40, 30, "1872.31"
30, 40, 30, "1853.91"
40, 40, 30, "1814.88"
50, 40, 30, "1738.53"
60, 40, 30, "1673.08"
70, 40, 30, "1576.54"
80, 40, 30, "1493.65"
90, 40, 30, "1425.52"
100, 40, 30, "1354.65"
0, 50, 30, "1600.51"
10, 50, 30, "1638.00"
20, 50, 30, "1519.30"
30, 50, 30, "1507.39"
40, 50, 30, "1492.09"
50, 50, 30, "1463.06"
60, 50, 30, "1414.43"
70, 50, 30, "1369.68"
80, 50, 30, "1310.79"
90, 50, 30, "1251.72"
100, 50, 30, "1203.37"
0, 60, 30, "1359.99"
10, 60, 30, "1378.55"
20, 60, 30, "1368.93"
30, 60, 30, "1265.02"
40, 60, 30, "1258.65"
50, 60, 30, "1246.57"
60, 60, 30, "1227.14"
70, 60, 30, "1186.38"
80, 60, 30, "1160.50"
90, 60, 30, "1127.14"
100, 60, 30, "1086.37"
0, 70, 30, "1178.69"
10, 70, 30, "1184.97"
20, 70, 30, "1180.64"
30, 70, 30, "1095.17"
40, 70, 30, "1088.14"
50, 70, 30, "1080.03"
60, 70, 30, "1067.35"
70, 70, 30, "1050.86"
80, 70, 30, "1025.85"
90, 70, 30, "1007.56"
100, 70, 30, "984.74"
0, 80, 30, "1034.77"
10, 80, 30, "1042.21"
20, 80, 30, "1038.10"
30, 80, 30, "1033.59"
40, 80, 30, "961.72"
50, 80, 30, "956.21"
60, 80, 30, "947.60"
70, 80, 30, "937.21"
80, 80, 30, "927.39"
90, 80, 30, "902.36"
100, 80, 30, "888.65"
0, 90, 30, "923.19"
10, 90, 30, "928.51"
20, 90, 30, "926.61"
30, 90, 30, "923.02"
40, 90, 30, "858.37"
50, 90, 30, "852.08"
60, 90, 30, "852.30"
70, 90, 30, "843.45"
80, 90, 30, "834.86"
90, 90, 30, "828.91"
100, 90, 30, "808.34"
0, 100, 30, "830.70"
10, 100, 30, "838.79"
20, 100, 30, "836.19"
30, 100, 30, "834.38"
40, 100, 30, "774.23"
50, 100, 30, "772.50"
60, 100, 30, "497.41"
70, 100, 30, "73.59"
80, 100, 30, "498.28"
90, 100, 30, "87.54"
100, 100, 30, "71.70"
0, 0, 40, "2100.84"
10, 0, 40, "893.02"
20, 0, 40, "344.41"
30, 0, 40, "179.81"
40, 0, 40, "110.60"
50, 0, 40, "73.54"
60, 0, 40, "52.39"
70, 0, 40, "63.06"
80, 0, 40, "30.33"
90, 0, 40, "23.95"
100, 0, 40, "23.92"
0, 10, 40, "498.43"
10, 10, 40, "459.60"
20, 10, 40, "383.38"
30, 10, 40, "311.95"
40, 10, 40, "260.66"
50, 10, 40, "218.61"
60, 10, 40, "181.79"
70, 10, 40, "153.46"
80, 10, 40, "134.12"
90, 10, 40, "118.21"
100, 10, 40, "101.87"
0, 20, 40, "346.64"
10, 20, 40, "2732.24"
20, 20, 40, "1889.64"
30, 20, 40, "371.94"
40, 20, 40, "206.42"
50, 20, 40, "188.00"
60, 20, 40, "165.83"
70, 20, 40, "140.28"
80, 20, 40, "131.36"
90, 20, 40, "123.31"
100, 20, 40, "112.20"
0, 30, 40, "185.79"
10, 30, 40, "190.93"
20, 30, 40, "175.85"
30, 30, 40, "171.44"
40, 30, 40, "162.33"
50, 30, 40, "152.42"
60, 30, 40, "264.67"
70, 30, 40, "684.70"
80, 30, 40, "119.73"
90, 30, 40, "113.12"
100, 30, 40, "100.52"
0, 40, 40, "141.80"
10, 40, 40, "145.99"
20, 40, 40, "135.13"
30, 40, 40, "133.29"
40, 40, 40, "130.68"
50, 40, 40, "125.25"
60, 40, 40, "120.64"
70, 40, 40, "120.27"
80, 40, 40, "831.39"
90, 40, 40, "111.03"
100, 40, 40, "97.33"
0, 50, 40, "114.81"
10, 50, 40, "118.16"
20, 50, 40, "109.37"
30, 50, 40, "108.58"
40, 50, 40, "107.37"
50, 50, 40, "105.21"
60, 50, 40, "101.90"
70, 50, 40, "172.94"
80, 50, 40, "180.85"
90, 50, 40, "90.43"
100, 50, 40, "87.18"
0, 60, 40, "96.74"
10, 60, 40, "98.90"
20, 60, 40, "98.60"
30, 60, 40, "91.55"
40, 60, 40, "90.89"
50, 60, 40, "109.39"
60, 60, 40, "254.18"
70, 60, 40, "85.77"
80, 60, 40, "83.84"
90, 60, 40, "81.19"
100, 60, 40, "78.27"
0, 70, 40, "83.69"
10, 70, 40, "85.59"
20, 70, 40, "85.44"
30, 70, 40, "300.52"
40, 70, 40, "78.67"
50, 70, 40, "78.15"
60, 70, 40, "77.17"
70, 70, 40, "76.12"
80, 70, 40, "74.05"
90, 70, 40, "72.88"
100, 70, 40, "104.19"
0, 80, 40, "116.43"
10, 80, 40, "75.19"
20, 80, 40, "74.97"
30, 80, 40, "74.63"
40, 80, 40, "69.22"
50, 80, 40, "68.84"
60, 80, 40, "82.22"
70, 80, 40, "126.88"
80, 80, 40, "66.83"
90, 80, 40, "65.18"
100, 80, 40, "64.21"
0, 90, 40, "66.58"
10, 90, 40, "67.03"
20, 90, 40, "141.90"
30, 90, 40, "73.84"
40, 90, 40, "62.05"
50, 90, 40, "61.90"
60, 90, 40, "61.42"
70, 90, 40, "60.75"
80, 90, 40, "90.62"
90, 90, 40, "76.63"
100, 90, 40, "58.11"
0, 100, 40, "59.92"
10, 100, 40, "60.40"
20, 100, 40, "60.43"
30, 100, 40, "99.21"
40, 100, 40, "66.18"
50, 100, 40, "55.80"
60, 100, 40, "55.45"
70, 100, 40, "55.21"
80, 100, 40, "54.64"
90, 100, 40, "109.26"
100, 100, 40, "53.53"
0, 0, 50, "1890.36"
10, 0, 50, "746.60"
20, 0, 50, "282.06"
30, 0, 50, "147.22"
40, 0, 50, "89.09"
50, 0, 50, "59.66"
60, 0, 50, "42.25"
70, 0, 50, "44.85"
80, 0, 50, "21.32"
90, 0, 50, "23.08"
100, 0, 50, "15.48"
0, 10, 50, "408.23"
10, 10, 50, "1724.14"
20, 10, 50, "3292.72"
30, 10, 50, "1723.84"
40, 10, 50, "287.55"
50, 10, 50, "172.16"
60, 10, 50, "146.86"
70, 10, 50, "124.63"
80, 10, 50, "108.87"
90, 10, 50, "95.17"
100, 10, 50, "82.19"
0, 20, 50, "219.81"
10, 20, 50, "208.56"
20, 20, 50, "201.82"
30, 20, 50, "186.50"
40, 20, 50, "166.61"
50, 20, 50, "152.34"
60, 20, 50, "737.74"
70, 20, 50, "186.50"
80, 20, 50, "106.28"
90, 20, 50, "99.44"
100, 20, 50, "90.16"
0, 30, 50, "149.73"
10, 30, 50, "153.77"
20, 30, 50, "141.38"
30, 30, 50, "137.94"
40, 30, 50, "131.36"
50, 30, 50, "122.49"
60, 30, 50, "113.74"
70, 30, 50, "465.90"
80, 30, 50, "121.34"
90, 30, 50, "89.58"
100, 30, 50, "80.77"
0, 40, 50, "113.57"
10, 40, 50, "117.30"
20, 40, 50, "108.53"
30, 40, 50, "107.47"
40, 40, 50, "104.81"
50, 40, 50, "100.73"
60, 40, 50, "345.55"
70, 40, 50, "110.17"
80, 40, 50, "86.53"
90, 40, 50, "82.29"
100, 40, 50, "77.02"
0, 50, 50, "92.06"
10, 50, 50, "94.84"
20, 50, 50, "87.77"
30, 50, 50, "94.77"
40, 50, 50, "316.13"
50, 50, 50, "84.63"
60, 50, 50, "81.75"
70, 50, 50, "79.41"
80, 50, 50, "76.10"
90, 50, 50, "72.64"
100, 50, 50, "69.69"
0, 60, 50, "108.65"
10, 60, 50, "143.72"
20, 60, 50, "79.20"
30, 60, 50, "73.12"
40, 60, 50, "72.83"
50, 60, 50, "72.07"
60, 60, 50, "70.90"
70, 60, 50, "68.62"
80, 60, 50, "179.37"
90, 60, 50, "65.10"
100, 60, 50, "62.58"
0, 70, 50, "66.71"
10, 70, 50, "68.50"
20, 70, 50, "68.33"
30, 70, 50, "104.19"
40, 70, 50, "78.46"
50, 70, 50, "62.64"
60, 70, 50, "61.81"
70, 70, 50, "60.92"
80, 70, 50, "59.30"
90, 70, 50, "85.57"
100, 70, 50, "73.02"
0, 80, 50, "58.72"
10, 80, 50, "60.29"
20, 80, 50, "59.98"
30, 80, 50, "59.83"
40, 80, 50, "101.94"
50, 80, 50, "58.60"
60, 80, 50, "54.70"
70, 80, 50, "54.14"
80, 80, 50, "53.72"
90, 80, 50, "60.04"
100, 80, 50, "78.88"
0, 90, 50, "52.42"
10, 90, 50, "53.61"
20, 90, 50, "53.50"
30, 90, 50, "53.35"
40, 90, 50, "91.72"
50, 90, 50, "49.26"
60, 90, 50, "48.95"
70, 90, 50, "48.66"
80, 90, 50, "50.56"
90, 90, 50, "79.35"
100, 90, 50, "46.56"
0, 100, 50, "47.62"
10, 100, 50, "48.32"
20, 100, 50, "67.53"
30, 100, 50, "57.61"
40, 100, 50, "44.66"
50, 100, 50, "44.54"
60, 100, 50, "44.42"
70, 100, 50, "75.46"
80, 100, 50, "43.80"
90, 100, 50, "43.45"
100, 100, 50, "43.04"
0, 0, 60, "1729.21"
10, 0, 60, "645.20"
20, 0, 60, "239.91"
30, 0, 60, "163.53"
40, 0, 60, "170.77"
50, 0, 60, "49.75"
60, 0, 60, "35.34"
70, 0, 60, "27.94"
80, 0, 60, "23.41"
90, 0, 60, "18.86"
100, 0, 60, "12.96"
0, 10, 60, "349.97"
10, 10, 60, "322.41"
20, 10, 60, "902.28"
30, 10, 60, "1878.29"
40, 10, 60, "353.81"
50, 10, 60, "146.30"
60, 10, 60, "124.88"
70, 10, 60, "105.74"
80, 10, 60, "91.75"
90, 10, 60, "79.93"
100, 10, 60, "69.74"
0, 20, 60, "184.93"
10, 20, 60, "176.21"
20, 20, 60, "170.98"
30, 20, 60, "157.83"
40, 20, 60, "617.17"
50, 20, 60, "260.17"
60, 20, 60, "112.81"
70, 20, 60, "98.53"
80, 20, 60, "89.70"
90, 20, 60, "83.89"
100, 20, 60, "76.54"
0, 30, 60, "126.51"
10, 30, 60, "129.91"
20, 30, 60, "119.79"
30, 30, 60, "151.16"
40, 30, 60, "589.21"
50, 30, 60, "103.43"
60, 30, 60, "95.85"
70, 30, 60, "89.72"
80, 30, 60, "80.16"
90, 30, 60, "75.64"
100, 30, 60, "68.36"
0, 40, 60, "96.14"
10, 40, 60, "154.74"
20, 40, 60, "188.16"
30, 40, 60, "90.31"
40, 40, 60, "88.28"
50, 40, 60, "84.80"
60, 40, 60, "81.15"
70, 40, 60, "48.00"
80, 40, 60, "61.45"
90, 40, 60, "189.05"
100, 40, 60, "65.03"
0, 50, 60, "77.27"
10, 50, 60, "79.62"
20, 50, 60, "73.77"
30, 50, 60, "73.28"
40, 50, 60, "72.35"
50, 50, 60, "205.85"
60, 50, 60, "69.08"
70, 50, 60, "66.74"
80, 50, 60, "64.01"
90, 50, 60, "60.92"
100, 50, 60, "57.91"
0, 60, 60, "97.00"
10, 60, 60, "92.74"
20, 60, 60, "66.46"
30, 60, 60, "61.73"
40, 60, 60, "61.38"
50, 60, 60, "60.41"
60, 60, 60, "67.83"
70, 60, 60, "99.53"
80, 60, 60, "56.38"
90, 60, 60, "54.71"
100, 60, 60, "52.56"
0, 70, 60, "55.95"
10, 70, 60, "121.17"
20, 70, 60, "57.75"
30, 70, 60, "53.15"
40, 70, 60, "52.87"
50, 70, 60, "52.55"
60, 70, 60, "67.06"
70, 70, 60, "68.66"
80, 70, 60, "49.85"
90, 70, 60, "48.97"
100, 70, 60, "47.64"
0, 80, 60, "70.35"
10, 80, 60, "59.99"
20, 80, 60, "50.32"
30, 80, 60, "50.07"
40, 80, 60, "46.50"
50, 80, 60, "79.17"
60, 80, 60, "46.55"
70, 80, 60, "45.37"
80, 80, 60, "44.94"
90, 80, 60, "43.82"
100, 80, 60, "72.10"
0, 90, 60, "43.89"
10, 90, 60, "45.00"
20, 90, 60, "44.91"
30, 90, 60, "76.50"
40, 90, 60, "41.51"
50, 90, 60, "41.38"
60, 90, 60, "41.17"
70, 90, 60, "65.78"
80, 90, 60, "40.46"
90, 90, 60, "40.00"
100, 90, 60, "39.07"
0, 100, 60, "62.53"
10, 100, 60, "40.56"
20, 100, 60, "40.50"
30, 100, 60, "40.39"
40, 100, 60, "57.46"
50, 100, 60, "37.32"
60, 100, 60, "37.21"
70, 100, 60, "37.05"
80, 100, 60, "55.75"
90, 100, 60, "36.43"
100, 100, 60, "36.05"
0, 0, 70, "1613.94"
10, 0, 70, "571.76"
20, 0, 70, "210.47"
30, 0, 70, "107.93"
40, 0, 70, "157.99"
50, 0, 70, "43.78"
60, 0, 70, "30.55"
70, 0, 70, "28.83"
80, 0, 70, "17.32"
90, 0, 70, "15.83"
100, 0, 70, "12.42"
0, 10, 70, "304.97"
10, 10, 70, "281.83"
20, 10, 70, "233.14"
30, 10, 70, "188.26"
40, 10, 70, "154.75"
50, 10, 70, "126.58"
60, 10, 70, "107.89"
70, 10, 70, "91.00"
80, 10, 70, "79.00"
90, 10, 70, "200.01"
100, 10, 70, "60.11"
0, 20, 70, "160.82"
10, 20, 70, "152.78"
20, 20, 70, "147.79"
30, 20, 70, "136.73"
40, 20, 70, "121.84"
50, 20, 70, "110.63"
60, 20, 70, "95.89"
70, 20, 70, "84.69"
80, 20, 70, "167.27"
90, 20, 70, "88.11"
100, 20, 70, "65.67"
0, 30, 70, "108.99"
10, 30, 70, "112.03"
20, 30, 70, "103.24"
30, 30, 70, "100.38"
40, 30, 70, "95.41"
50, 30, 70, "89.13"
60, 30, 70, "242.37"
70, 30, 70, "84.93"
80, 30, 70, "69.08"
90, 30, 70, "65.25"
100, 30, 70, "58.81"
0, 40, 70, "82.68"
10, 40, 70, "85.17"
20, 40, 70, "140.22"
30, 40, 70, "109.35"
40, 40, 70, "76.02"
50, 40, 70, "73.10"
60, 40, 70, "70.00"
70, 40, 70, "65.95"
80, 40, 70, "61.76"
90, 40, 70, "113.42"
100, 40, 70, "59.99"
0, 50, 70, "66.60"
10, 50, 70, "68.53"
20, 50, 70, "63.43"
30, 50, 70, "63.09"
40, 50, 70, "87.30"
50, 50, 70, "58.71"
60, 50, 70, "30.48"
70, 50, 70, "50.67"
80, 50, 70, "54.83"
90, 50, 70, "101.12"
100, 50, 70, "49.82"
0, 60, 70, "55.75"
10, 60, 70, "54.39"
20, 60, 70, "56.25"
30, 60, 70, "104.49"
40, 60, 70, "52.66"
50, 60, 70, "52.06"
60, 60, 70, "51.19"
70, 60, 70, "49.61"
80, 60, 70, "86.85"
90, 60, 70, "47.37"
100, 60, 70, "44.84"
0, 70, 70, "47.90"
10, 70, 70, "49.36"
20, 70, 70, "90.72"
30, 70, 70, "45.64"
40, 70, 70, "45.45"
50, 70, 70, "45.15"
60, 70, 70, "57.35"
70, 70, 70, "54.34"
80, 70, 70, "42.81"
90, 70, 70, "42.06"
100, 70, 70, "41.75"
0, 80, 70, "67.19"
10, 80, 70, "43.34"
20, 80, 70, "43.25"
30, 80, 70, "43.11"
40, 80, 70, "63.49"
50, 80, 70, "39.79"
60, 80, 70, "39.41"
70, 80, 70, "39.04"
80, 80, 70, "60.16"
90, 80, 70, "37.62"
100, 80, 70, "36.88"
0, 90, 70, "42.13"
10, 90, 70, "51.27"
20, 90, 70, "38.52"
30, 90, 70, "38.42"
40, 90, 70, "51.38"
50, 90, 70, "36.36"
60, 90, 70, "35.35"
70, 90, 70, "35.04"
80, 90, 70, "51.26"
90, 90, 70, "34.37"
100, 90, 70, "33.57"
0, 100, 70, "49.68"
10, 100, 70, "34.84"
20, 100, 70, "34.81"
30, 100, 70, "35.16"
40, 100, 70, "45.05"
50, 100, 70, "32.09"
60, 100, 70, "31.99"
70, 100, 70, "45.18"
80, 100, 70, "31.51"
90, 100, 70, "31.30"
100, 100, 70, "43.43"
0, 0, 80, "1477.32"
10, 0, 80, "512.30"
20, 0, 80, "186.34"
30, 0, 80, "94.60"
40, 0, 80, "57.46"
50, 0, 80, "37.71"
60, 0, 80, "35.81"
70, 0, 80, "19.78"
80, 0, 80, "17.78"
90, 0, 80, "13.47"
100, 0, 80, "10.69"
0, 10, 80, "269.67"
10, 10, 80, "248.29"
20, 10, 80, "205.66"
30, 10, 80, "165.17"
40, 10, 80, "133.16"
50, 10, 80, "111.92"
60, 10, 80, "95.12"
70, 10, 80, "80.15"
80, 10, 80, "74.29"
90, 10, 80, "128.68"
100, 10, 80, "53.06"
0, 20, 80, "141.47"
10, 20, 80, "134.16"
20, 20, 80, "130.09"
30, 20, 80, "119.83"
40, 20, 80, "106.98"
50, 20, 80, "97.07"
60, 20, 80, "84.27"
70, 20, 80, "246.14"
80, 20, 80, "68.09"
90, 20, 80, "63.80"
100, 20, 80, "57.86"
0, 30, 80, "95.87"
10, 30, 80, "98.21"
20, 30, 80, "90.55"
30, 30, 80, "123.13"
40, 30, 80, "170.28"
50, 30, 80, "78.26"
60, 30, 80, "72.33"
70, 30, 80, "67.00"
80, 30, 80, "60.52"
90, 30, 80, "57.21"
100, 30, 80, "99.71"
0, 40, 80, "72.50"
10, 40, 80, "74.56"
20, 40, 80, "68.88"
30, 40, 80, "68.17"
40, 40, 80, "66.69"
50, 40, 80, "64.01"
60, 40, 80, "142.96"
70, 40, 80, "57.65"
80, 40, 80, "54.15"
90, 40, 80, "51.59"
100, 40, 80, "49.14"
0, 50, 80, "104.67"
10, 50, 80, "66.72"
20, 50, 80, "55.55"
30, 50, 80, "55.18"
40, 50, 80, "54.46"
50, 50, 80, "53.57"
60, 50, 80, "99.59"
70, 50, 80, "50.14"
80, 50, 80, "48.02"
90, 50, 80, "45.49"
100, 50, 80, "53.99"
0, 60, 80, "64.16"
10, 60, 80, "50.26"
20, 60, 80, "49.95"
30, 60, 80, "46.38"
40, 60, 80, "73.69"
50, 60, 80, "48.05"
60, 60, 80, "44.79"
70, 60, 80, "43.45"
80, 60, 80, "43.86"
90, 60, 80, "63.23"
100, 60, 80, "39.26"
0, 70, 80, "41.96"
10, 70, 80, "43.20"
20, 70, 80, "71.87"
30, 70, 80, "39.93"
40, 70, 80, "39.75"
50, 70, 80, "39.51"
60, 70, 80, "61.22"
70, 70, 80, "38.48"
80, 70, 80, "37.47"
90, 70, 80, "42.47"
100, 70, 80, "44.49"
0, 80, 80, "36.90"
10, 80, 80, "37.92"
20, 80, 80, "58.36"
30, 80, 80, "37.69"
40, 80, 80, "34.98"
50, 80, 80, "34.77"
60, 80, 80, "48.89"
70, 80, 80, "33.87"
80, 80, 80, "33.77"
90, 80, 80, "47.39"
100, 80, 80, "32.39"
0, 90, 80, "32.96"
10, 90, 80, "46.04"
20, 90, 80, "35.39"
30, 90, 80, "33.61"
40, 90, 80, "32.15"
50, 90, 80, "40.85"
60, 90, 80, "30.91"
70, 90, 80, "30.66"
80, 90, 80, "42.35"
90, 90, 80, "30.08"
100, 90, 80, "29.78"
0, 100, 80, "40.14"
10, 100, 80, "30.43"
20, 100, 80, "31.03"
30, 100, 80, "41.08"
40, 100, 80, "28.12"
50, 100, 80, "32.70"
60, 100, 80, "31.66"
70, 100, 80, "27.85"
80, 100, 80, "37.09"
90, 100, 80, "27.37"
100, 100, 80, "27.10"
0, 0, 90, "1356.30"
10, 0, 90, "464.43"
20, 0, 90, "165.18"
30, 0, 90, "275.04"
40, 0, 90, "54.41"
50, 0, 90, "33.62"
60, 0, 90, "24.42"
70, 0, 90, "20.47"
80, 0, 90, "15.35"
90, 0, 90, "11.78"
100, 0, 90, "9.40"
0, 10, 90, "241.79"
10, 10, 90, "223.27"
20, 10, 90, "184.51"
30, 10, 90, "148.12"
40, 10, 90, "119.02"
50, 10, 90, "99.78"
60, 10, 90, "85.25"
70, 10, 90, "217.34"
80, 10, 90, "62.47"
90, 10, 90, "54.43"
100, 10, 90, "47.11"
0, 20, 90, "126.67"
10, 20, 90, "119.76"
20, 20, 90, "116.22"
30, 20, 90, "122.16"
40, 20, 90, "438.42"
50, 20, 90, "85.31"
60, 20, 90, "75.43"
70, 20, 90, "66.54"
80, 20, 90, "60.77"
90, 20, 90, "56.66"
100, 20, 90, "71.08"
0, 30, 90, "127.30"
10, 30, 90, "87.69"
20, 30, 90, "80.65"
30, 30, 90, "78.52"
40, 30, 90, "74.72"
50, 30, 90, "69.81"
60, 30, 90, "64.50"
70, 30, 90, "135.25"
80, 30, 90, "53.99"
90, 30, 90, "50.91"
100, 30, 90, "46.00"
0, 40, 90, "64.69"
10, 40, 90, "103.55"
20, 40, 90, "80.85"
30, 40, 90, "60.72"
40, 40, 90, "59.35"
50, 40, 90, "56.77"
60, 40, 90, "54.54"
70, 40, 90, "96.98"
80, 40, 90, "48.32"
90, 40, 90, "45.96"
100, 40, 90, "43.70"
0, 50, 90, "52.02"
10, 50, 90, "106.34"
20, 50, 90, "49.44"
30, 50, 90, "49.20"
40, 50, 90, "48.57"
50, 50, 90, "47.76"
60, 50, 90, "81.11"
70, 50, 90, "44.68"
80, 50, 90, "42.51"
90, 50, 90, "40.60"
100, 50, 90, "61.07"
0, 60, 90, "43.63"
10, 60, 90, "44.74"
20, 60, 90, "44.63"
30, 60, 90, "63.98"
40, 60, 90, "42.31"
50, 60, 90, "40.52"
60, 60, 90, "39.92"
70, 60, 90, "59.58"
80, 60, 90, "38.09"
90, 60, 90, "36.32"
100, 60, 90, "34.96"
0, 70, 90, "57.22"
10, 70, 90, "38.40"
20, 70, 90, "38.32"
30, 70, 90, "37.45"
40, 70, 90, "48.91"
50, 70, 90, "35.15"
60, 70, 90, "34.74"
70, 70, 90, "50.27"
80, 70, 90, "33.19"
90, 70, 90, "32.67"
100, 70, 90, "43.85"
0, 80, 90, "33.42"
10, 80, 90, "33.71"
20, 80, 90, "34.31"
30, 80, 90, "47.42"
40, 80, 90, "31.12"
50, 80, 90, "30.85"
60, 80, 90, "42.94"
70, 80, 90, "30.39"
80, 80, 90, "29.98"
90, 80, 90, "40.23"
100, 80, 90, "28.66"
0, 90, 90, "29.23"
10, 90, 90, "41.65"
20, 90, 90, "29.96"
30, 90, 90, "29.98"
40, 90, 90, "37.22"
50, 90, 90, "27.64"
60, 90, 90, "35.58"
70, 90, 90, "28.03"
80, 90, 90, "27.06"
90, 90, 90, "35.58"
100, 90, 90, "26.07"
0, 100, 90, "26.40"
10, 100, 90, "36.21"
20, 100, 90, "27.05"
30, 100, 90, "35.08"
40, 100, 90, "25.47"
50, 100, 90, "24.95"
60, 100, 90, "32.36"
70, 100, 90, "24.76"
80, 100, 90, "31.81"
90, 100, 90, "24.33"
100, 100, 90, "24.09"
0, 0, 100, "1296.68"
10, 0, 100, "425.86"
20, 0, 100, "691.28"
30, 0, 100, "115.42"
40, 0, 100, "45.84"
50, 0, 100, "30.20"
60, 0, 100, "26.75"
70, 0, 100, "15.75"
80, 0, 100, "13.61"
90, 0, 100, "10.50"
100, 0, 100, "8.58"
0, 10, 100, "1889.64"
10, 10, 100, "444.42"
20, 10, 100, "167.27"
30, 10, 100, "133.52"
40, 10, 100, "107.95"
50, 10, 100, "90.32"
60, 10, 100, "76.79"
70, 10, 100, "64.75"
80, 10, 100, "56.39"
90, 10, 100, "91.90"
100, 10, 100, "42.61"
0, 20, 100, "114.52"
10, 20, 100, "108.25"
20, 20, 100, "105.07"
30, 20, 100, "96.94"
40, 20, 100, "86.38"
50, 20, 100, "77.47"
60, 20, 100, "187.31"
70, 20, 100, "60.07"
80, 20, 100, "55.02"
90, 20, 100, "51.47"
100, 20, 100, "46.63"
0, 30, 100, "104.96"
10, 30, 100, "148.24"
20, 30, 100, "72.84"
30, 30, 100, "71.06"
40, 30, 100, "67.32"
50, 30, 100, "62.86"
60, 30, 100, "57.60"
70, 30, 100, "108.83"
80, 30, 100, "48.81"
90, 30, 100, "46.07"
100, 30, 100, "41.42"
0, 40, 100, "58.46"
10, 40, 100, "134.81"
20, 40, 100, "55.45"
30, 40, 100, "54.76"
40, 40, 100, "53.63"
50, 40, 100, "51.45"
60, 40, 100, "75.00"
70, 40, 100, "51.57"
80, 40, 100, "43.60"
90, 40, 100, "41.43"
100, 40, 100, "43.65"
0, 50, 100, "69.55"
10, 50, 100, "48.22"
20, 50, 100, "44.56"
30, 50, 100, "44.40"
40, 50, 100, "73.81"
50, 50, 100, "43.03"
60, 50, 100, "41.57"
70, 50, 100, "40.27"
80, 50, 100, "59.74"
90, 50, 100, "36.61"
100, 50, 100, "35.08"
0, 60, 100, "39.36"
10, 60, 100, "64.40"
20, 60, 100, "40.21"
30, 60, 100, "37.20"
40, 60, 100, "37.03"
50, 60, 100, "55.32"
60, 60, 100, "35.97"
70, 60, 100, "34.90"
80, 60, 100, "49.86"
90, 60, 100, "32.79"
100, 60, 100, "31.49"
0, 70, 100, "39.60"
10, 70, 100, "41.74"
20, 70, 100, "34.60"
30, 70, 100, "31.99"
40, 70, 100, "45.35"
50, 70, 100, "31.72"
60, 70, 100, "26.19"
70, 70, 100, "43.35"
80, 70, 100, "30.00"
90, 70, 100, "29.33"
100, 70, 100, "38.92"
0, 80, 100, "29.58"
10, 80, 100, "30.44"
20, 80, 100, "42.29"
30, 80, 100, "30.22"
40, 80, 100, "29.28"
50, 80, 100, "35.66"
60, 80, 100, "27.19"
70, 80, 100, "36.78"
80, 80, 100, "27.13"
90, 80, 100, "24.59"
100, 80, 100, "34.01"
0, 90, 100, "26.33"
10, 90, 100, "30.05"
20, 90, 100, "31.87"
30, 90, 100, "26.96"
40, 90, 100, "32.55"
50, 90, 100, "24.94"
60, 90, 100, "24.81"
70, 90, 100, "31.87"
80, 90, 100, "24.38"
90, 90, 100, "31.03"
100, 90, 100, "23.39"
0, 100, 100, "29.59"
10, 100, 100, "25.01"
20, 100, 100, "24.34"
30, 100, 100, "31.33"
40, 100, 100, "22.53"
50, 100, 100, "28.38"
60, 100, 100, "22.42"
70, 100, 100, "28.12"
80, 100, 100, "22.14"
90, 100, 100, "24.21"
100, 100, 100, "24.34"

